{"1": {"precision": 0.9444444444444444, "recall": 1.0, "f1-score": 0.9714285714285714, "support": 34.0}, "2": {"precision": 0.9583333333333334, "recall": 0.968421052631579, "f1-score": 0.9633507853403142, "support": 190.0}, "3": {"precision": 0.9444444444444444, "recall": 0.8947368421052632, "f1-score": 0.918918918918919, "support": 76.0}, "accuracy": 0.9533333333333334, "macro avg": {"precision": 0.9490740740740741, "recall": 0.9543859649122807, "f1-score": 0.9512327585626016, "support": 300.0}, "weighted avg": {"precision": 0.9532407407407407, "recall": 0.9533333333333334, "f1-score": 0.9530101949368963, "support": 300.0}}